wallet,nom,twitter,profit_sol_1j,wins_1j,losses_1j,profit_sol_7j,wins_7j,losses_7j,profit_sol_30j,wins_30j,losses_30j
5YRgrP3mjGzrzirYYN5HAQH19cTYREYwGxW6XRJQUzij,slingoor,https://x.com/slingoorio,2573.3,47,59,2713.1,272,516,1948.7,1007,2973
B9K2wTQcRDLRLhMKFyRh2hPqHrr6VKiCC9yNGpkMUXrh,Xanse.,https://x.com/Xanse_crypto,216.4,10,18,,,,,,
2w3zDW2e1KjYtM2pHTkgh78L8DjMrC6fuB9uhwKNigTs,Yokai Ryujin,https://x.com/YokaiCapital,211.9,1,7,282.7,3,13,282.3,3,16
AuPp4YTMTyqxYXQnHc5KUc6pUuCSsHQpBJhgnD45yqrf,Dani,https://x.com/DaniWorldwide,184.3,12,14,225.9,36,67,539.5,253,411
Be24Gbf5KisDk1LcWWZsBn8dvB816By7YzYF5zWZnRR6,Chairman Â²,https://x.com/Chairman_DN,157.3,0,4,389.8,25,24,,,
4vw54BmAogeRV3vPKWyFet5yf8DTLcREzdSzx4rw9Ud9,decu,https://x.com/notdecu,109.3,74,70,916.5,514,416,,,
G6fUXjMKPJzCY1rveAE6Qm7wy5U3vZgKDJmN1VPAdiZC,clukz,https://x.com/clukzSOL,74.3,5,5,195.6,59,65,702.2,137,165
ardinRsN1mNYVeoJWTBsWeYeXvuR9UUDGMsCDKpb6AT,trunoest,https://x.com/trunoest,71.7,60,48,483.9,440,360,2556.2,2003,1826
DrJ6SnDXkEsPeGdmSs93v5rwWumv5QMvAGSZjAyWSd5o,Iced,https://x.com/IcedKnife,61.0,11,2,,,,,,
Dvbv5TdAyPpJk16X9mUxWFVicYtCUxTLhuof8TGuUaRv,CookDoc,https://x.com/CookDoc1993,56.8,0,1,,,,,,
87rRdssFiTJKY4MGARa4G5vQ31hmR7MxSmhzeaJ5AAxJ,Dior,https://x.com/Dior100x,54.6,3,3,,,,,,
FsG3BaPmRTdSrPaivbgJsFNCCa8cPfkUtk8VLWXkHpHP,Reljoo,https://x.com/Reljoooo,53.9,3,6,,,,,,
EA9TnaqEZXq5VNGHuyV8169ydLWvJq5uAJiv43boLBBf,Dooms,https://x.com/SarDooms,53.5,12,9,,,,,,
EqiFgyNw6kgrmYstWyrP8VjKhka7XEmKTZzHSmwpr1Zb,ban,https://x.com/Ban_Val,51.6,83,81,,,,608.1,1237,1972
5B79fMkcFeRTiwm7ehsZsFiKsC7m7n1Bgv9yLxPp9q2X,bandit,https://x.com/bandeez,51.4,7,13,,,,,,
23Ltopfensg1rSsCdoc1M8rcp5cB5bkqbmogMGmH63yW,Snatcher,https://x.com/solsnatchinfr,47.5,0,0,,,,,,
CEUA7zVoDRqRYoeHTP58UHU6TR8yvtVbeLrX1dppqoXJ,Tom,https://x.com/tdmilky,43.2,8,7,91.5,32,38,,,
4BdKaxN8G6ka4GYtQQWk4G4dZRUTX2vQH9GcXdBREFUk,Jijo,https://x.com/jijo_exe,43.0,11,10,,,,508.9,267,246
Cv5GgkpXvtXcsrMcKCJvx46BpMjiM61mpPU1j8RbbbVL,R4,https://x.com/r4yancore,42.6,39,84,122.7,310,616,,,
EDXHdSFdadFbYFFjxPXBqMe1kCEDFqpPu552uvp48HR8,Clown,https://x.com/ClownsTrenches,37.8,43,91,,,,,,
BtMBMPkoNbnLF9Xn552guQq528KKXcsNBNNBre3oaQtr,Letterbomb,https://x.com/ihateoop,37.6,35,31,,,,,,
H31vEBxSJk1nQdUN11qZgZyhScyShhscKhvhZZU3dQoU,Megga,https://x.com/Megga,33.4,30,62,167.2,204,419,459.6,737,1485
CAPn1yH4oSywsxGU456jfgTrSSUidf9jgeAnHceNUJdw,cap,https://x.com/himothy,30.3,12,8,,,,,,
AUEQxhkAVz71w2WBa9BYSoZrydhYNJaKmfNomoNs9E4t,rise_crypt,https://x.com/rise_crypt,29.7,10,21,,,,,,
J23qr98GjGJJqKq9CBEnyRhHbmkaVxtTJNNxKu597wsA,gr3g,https://x.com/gr3gor14n,28.9,1,0,,,,,,
GvTXquDAJbfrFrEGTPRPUj3WM5Bzub5yeTFzkLVHpjfD,brunowsky,https://x.com/brubowsky,28.1,8,15,138.6,33,91,382.6,95,366
5T229oePmJGE5Cefys8jE9Jq8C7qfGNNWy3RVA7SmwEP,Tuults,https://x.com/tuults69,23.5,67,151,,,,,,
FqamE7xrahg7FEWoByrx1o8SeyHt44rpmE6ZQfT7zrve,EustazZ,https://x.com/Eustazzeus,22.9,79,36,215.1,407,141,1097.2,1766,900
EtyHwLDfAi9E24Qw41xFUW8WtQ3NxajxJA2yaaUASR5a,Dame,https://x.com/TrenchDame,22.0,10,21,,,,,,
4DdrfiDHpmx55i4SPssxVzS9ZaKLb8qr45NKY9Er9nNh,Mr. Frog,https://x.com/TheMisterFrog,21.5,64,4,362.5,603,39,2647.7,3337,274
3h65MmPZksoKKyEpEjnWU2Yk2iYT5oZDNitGy5cTaxoE,Jidn,https://x.com/jidn_w,21.3,5,10,,,,,,
6KR7SorsUQtNH6CB6JpAnWCAKeTysa95iyXeWihdNeGT,KOREAN,https://x.com/Korean_bags,20.0,41,86,176.4,337,478,420.7,917,1801
Hw5UKBU5k3YudnGwaykj5E8cYUidNMPuEewRRar5Xoc7,Trenchman,https://x.com/trenchmanjames,19.2,11,27,214.3,49,138,,,
F5TjPySiUJMdvqMZHnPP85Rc1vErDGV5FR5P2vdVm429,Zyaf,https://x.com/0xZyaf,19.2,3,10,,,,,,
5ZuV8eqkvzYFVEKbLvGBdexL2tFv7E5BCd2HZpjqbdg,Doji,https://x.com/Humanevolvd,17.4,38,54,,,,,,
7mHqL9GzGnbsYLoHLDzB7FiHAZbND2CZCJYFvU9PU1d3,Kimba,https://x.com/Kimbazxz,17.0,3,2,,,,,,
69z4qTgQ5DBRTJvnQzx2h8jZhNsv5UgADotEwwKUm2JS,King,https://x.com/thekryptoking_,16.1,2,4,,,,,,
DsqRyTUh1R37asYcVf1KdX4CNnz5DKEFmnXvgT4NfTPE,Classic,https://x.com/simplyclassic69,16.0,10,7,,,,,,
2hN82SXLUffhG3vxpezRmae1sGrCBMqHHBDxjmjpagqk,lyftical,https://x.com/lyftical,15.0,6,9,,,,,,
99xnE2zEFi8YhmKDaikc1EvH6ELTQJppnqUwMzmpLXrs,Coler,https://x.com/ColerCooks,14.7,23,23,84.5,126,149,,,
DU323DieHUGPmYamp6A4Ai1V4YSYgRi35mGpzJGrjf7k,Toxic weast,https://x.com/Toxic_weast,14.5,12,5,,,,,,
GEKZWL474tFAyYDUoTgKEgYuMxT3Se7HzKDDptrnXnvS,Advyth,https://x.com/Advyth,14.4,35,31,,,,,,
4AHgEkTsGqY77qtde4UJn9yZCrbGcM7UM3vjT3qM4G5H,BagCalls,https://x.com/BagCalls,14.3,5,3,,,,,,
91sP85Ds9A4EXJ3gU3iHyLtUNJimxz8LrxRb2qhBNod9,hood,https://x.com/hoodscall,13.6,23,15,,,,,,
AeLaMjzxErZt4drbWVWvcxpVyo8p94xu5vrg41eZPFe3,^1s1mple,https://x.com/s1mple_s1mple,12.4,25,28,,,,,,
862TYSvRYoiHAK3F3WwTRYAfuGiQaGdxedN9AGvRGWo2,Wugi,https://x.com/xWugi_wara,12.3,3,1,184.4,18,2,711.6,66,10
JAmx4Wsh7cWXRzQuVt3TCKAyDfRm9HA7ztJa4f7RM8h9,Tally ê¨ï¸,https://x.com/tallxyyy,12.1,1,4,,,,,,
215nhcAHjQQGgwpQSJQ7zR26etbjjtVdW74NLzwEgQjP,OGAntD,https://x.com/0GAntD,,,,1022.4,35,23,2664.3,147,221
4Be9CvxqHW6BYiRAxW9Q3xu1ycTMWaL5z8NX4HR3ha7t,Mitch,https://x.com/idrawline,,,,570.2,16,5,,,
BQVz7fQ1WsQmSTMY3umdPEPPTm1sdcBcX9sP7o6kPRmB,Limfork.eth,https://x.com/Limfork,,,,568.1,277,295,1100.8,581,677
B3wagQZiZU2hKa5pUCj6rrdhWsX3Q6WfTTnki9PjwzMh,xander,https://x.com/xandereef,,,,496.5,22,63,,,
CgaA9a1JwAXJyfHuvZ7VW8YfTVRkdiT5mjBBSKcg7Rz5,Art,https://x.com/ArtCryptoz,,,,342.2,184,194,614.9,652,912
3BLjRcxWGtR7WRshJ3hL25U3RjWr5Ud98wMcczQqk4Ei,Sebastian,https://x.com/Saint_pablo123,,,,262.3,74,109,,,
78N177fzNJpp8pG49xDv1efYcTMSzo9tPTKEA9mAVkh2,Sheep,https://x.com/imsheepsol,,,,209.6,107,68,599.3,507,349
3pfqebV65sHMbF5z86HsPKSiTxwpNhCzjK5X7GUqCbtK,Rem,https://x.com/yeaitsrem,,,,208.2,62,147,,,
DEdEW3SMPU2dCfXEcgj2YppmX9H3bnMDJaU4ctn2BQDQ,King Solomon,https://x.com/0xsolomon,,,,174.0,34,36,,,
8MaVa9kdt3NW4Q5HyNAm1X5LbR8PQRVDc1W8NMVK88D5,Daumen,https://x.com/daumenxyz,,,,161.1,361,213,554.0,1110,785
95TWoKkvv2z85EXBzd2z6NwbxH2f54AvwuCA9x3NoKep,Killua,https://x.com/cryptokillua99,,,,158.8,1,0,,,
7Js5gmq57y9jG2sseKrAeJt3vbncSWSFFHDEsyJDnyVm,Yami ðµ,https://x.com/YamiPNL,,,,152.8,320,696,,,
PMJA8UQDyWTFw2Smhyp9jGA6aTaP7jKHR7BPudrgyYN,chester,https://x.com/Chestererer,,,,148.3,268,630,,,
GJA1HEbxGnqBhBifH9uQauzXSB53to5rhDrzmKxhSU65,Latuche,https://x.com/Latuche95,,,,146.0,133,137,,,
67Nwfi9hgwqhxGoovT2JGLU67uxfomLwQAWncjXXzU6U,Silver,https://x.com/0xSilver,,,,145.4,137,260,465.4,422,988
A38dM3RtNpewkwkWJeyj8C9c8yWtgaaAdh4Rdj1SXg3M,TMH ã¡ã¿,https://x.com/thememeshunterx,,,,145.1,4,3,,,
CUHBzSPSaNS3tArEtM3maSV6pNdJhHJFYZpurPPK9P7H,samsrep,https://x.com/samsrepx,,,,141.1,30,171,341.7,146,697
A3W8psibkTUvjxs4LRscbnjux6TFDXdvD4m4GsGpQ2KJ,Numer0 (trench/arc),https://x.com/Numerooo0,,,,128.7,73,60,,,
6S8GezkxYUfZy9JPtYnanbcZTMB87Wjt1qx3c6ELajKC,Nyhrox,https://x.com/nyhrox,,,,126.9,32,80,297.0,195,1085
B32QbbdDAyhvUQzjcaM5j6ZVKwjCxAwGH5Xgvb9SJqnC,Kadenox,https://x.com/kadenox,,,,124.9,165,217,1552.3,828,1883
J9TYAsWWidbrcZybmLSfrLzryANf4CgJBLdvwdGuC8MB,Johnson,https://x.com/johnsoncooks101,,,,121.6,64,73,,,
sAdNbe1cKNMDqDsa4npB3TfL62T14uAo2MsUQfLvzLT,Ethan Prosper,https://x.com/pr6spr,,,,119.1,11,6,963.8,151,230
8AtQ4ka3dgtrH1z4Uq3Tm4YdMN3cK5RRj1eKuGNnvenm,peacefuldestroy,https://x.com/peacefuldestroy,,,,118.8,6,30,529.6,59,285
CXnf4Tt7qFz3KZNwn3Yve5MKaRyxGoAy2eDX3QT8e99m,trav,https://x.com/travonsol,,,,118.7,36,146,311.9,132,1307
DjM7Tu7whh6P3pGVBfDzwXAx2zaw51GJWrJE3PwtuN7s,LUKEY â£,https://x.com/VERYKOOLLUKEY,,,,104.1,26,4,688.8,114,22
2me9wCkJYNbDSnvVrcS9pqdczinUpZ3V7PfSWrPxCvad,Yakuza Daddy,https://x.com/YakuzaDaddy,,,,103.9,59,78,,,
2net6etAtTe3Rbq2gKECmQwnzcKVXRaLcHy2Zy1iCiWz,rambo,https://x.com/goatedondsticks,,,,100.6,40,61,,,
AEeJUPCiGR3yCoukTh1G58o4LYsUEyzrXtfmfMc2kJMX,Damian Prosalendis,https://x.com/DamianProsa,,,,96.6,48,115,,,
5dzH7gh5FjtrxUwtfBufJyTBA4fyCUGheZsdYQsE9vag,Hermes,https://x.com/coinsolmaxi,,,,87.2,121,117,,,
GM7Hrz2bDq33ezMtL6KGidSWZXMWgZ6qBuugkb5H8NvN,Beaver,https://x.com/beaverd,,,,84.2,65,142,,,
831yhv67QpKqLBJjbmw2xoDUeeFHGUx8RnuRj9imeoEs,Trey,https://x.com/treysocial,,,,83.2,116,204,,,
6HJetMbdHBuk3mLUainxAPpBpWzDgYbHGTS2TqDAUSX2,LJC,https://x.com/OnlyLJC,,,,,,,1743.9,33,72
DNsh1UfJdxmze6T6GV9QK5SoFm7HsM5TRNxVuwVgo8Zj,Hash,https://x.com/Hashbergers,,,,,,,1152.4,102,1356
5hAgYC8TJCcEZV7LTXAzkTrm7YL29YXyQQJPCNrG84zM,Schoen,https://x.com/Schoen_xyz,,,,,,,954.8,1257,1079
ADC1QV9raLnGGDbnWdnsxazeZ4Tsiho4vrWadYswA2ph,Ducky,https://x.com/zXDuckyXz,,,,,,,887.7,179,1892
EeXvxkcGqMDZeTaVeawzxm9mbzZwqDUMmfG3bF7uzumH,milito,https://x.com/fnmilito,,,,,,,724.4,932,2108
4fZFcK8ms3bFMpo1ACzEUz8bH741fQW4zhAMGd5yZMHu,Rilsio,https://x.com/CryptoRilsio,,,,,,,651.8,169,160
DemfvB4iwd3NmVquvWqWbB92yVZWFFqybqBeJGdyEeM6,japbitch,https://x.com/bigjapbitch,,,,,,,625.6,187,357
Dgehc8YMv6dHsiPJVoumvq4pSBkMVvrTgTUg7wdcYJPJ,omar,https://x.com/maghrrebi,,,,,,,495.4,266,2120
FAicXNV5FVqtfbpn4Zccs71XcfGeyxBSGbqLDyDJZjke,radiance,https://x.com/radiancebrr,,,,,,,478.1,749,1362
98T65wcMEjoNLDTJszBHGZEX75QRe8QaANXokv4yw3Mp,Leck,https://x.com/LeckSol,,,,,,,450.9,516,1046
JAunzNqs3bVBcWDjDxfq9rgLzJMCadNXoaCgfzLGMtYs,Pengu ð«,https://x.com/Penguzxbt,,,,,,,444.1,744,3359
AVjEtg2ECYKXYeqdRQXvaaAZBjfTjYuSMTR4WLhKoeQN,Putrick,https://x.com/Putrickk,,,,,,,401.9,618,1381
6aXFYXbFob1ZKAEDCcqZnX2vooA3TgEqDoy5dAQbeWoV,Flames,https://x.com/FlamesOnSol,,,,,,,401.3,818,1769
4yo9CUuTBbds9NFhZd4MzPiZZkUvveXdTnAH8qMsE8ku,Gfree,https://x.com/G_free9,,,,,,,399.1,614,1168
2T5NgDDidkvhJQg8AHDi74uCFwgp25pYFMRZXBaCUNBH,Idontpaytaxes,https://x.com/untaxxable,,,,,,,376.8,502,325
GNrmKZCxYyNiSUsjduwwPJzhed3LATjciiKVuSGrsHEC,Giann,https://x.com/Giann2K,,,,,,,355.2,255,2377
8nqtxpFpuXwfXG4pBLsDkkuMMPK9FjSkBMCn542HiM3v,dov 7,https://x.com/dovvvv7,,,,,,,323.8,205,258
2X4H5Y9C4Fy6Pf3wpq8Q4gMvLcWvfrrwDv2bdR8AAwQv,Orange,https://x.com/OrangeSBS,,,,,,,321.5,87,169
EjtQrPTbcMevStBkpnjsH23NfUCMhGHusTYsHuGVQZp2,Zef,https://x.com/zefwashere,,,,,,,319.3,268,624
6yVb4pxNwDfr6rovwNnBg3SyKSvDcHGD4WdFPN1JJBqm,0xEthan,https://x.com/0xEthan,,,,,,,292.2,283,191
9iaawVBEsFG35PSwd4PahwT8fYNQe9XYuRdWm872dUqY,Meechie,https://x.com/973Meech,,,,,,,285.4,550,2941
