date,sol_vol24,sol_var7j,pumpswap_vol24,pumpswap_var7j
2026-10-09 07:04,2440532233.2400002,-1.93,364570780,-1.78
2026-10-09 08:04,2440532233.2400002,-1.93,364570780,-1.78
2026-10-09 09:04,2440532233.2400002,-1.93,364570780,-1.78
2026-10-09 10:04,2440532233.2400002,-1.93,364570780,-1.78
2026-10-09 13:09,2644852886.2400002,6.28,364570780,-1.78
2026-10-09 14:24,2644852886.2400002,6.28,364570780,-1.78
2026-10-09 15:24,2644852886.2400002,6.28,364570780,-1.78
2026-10-09 16:24,2644852886.2400002,6.28,364570780,-1.78
2026-10-09 17:32,2644852886.2400002,6.28,364570780,-1.78
2026-10-09 18:47,2644852886.2400002,6.28,364570780,-1.78
2026-10-09 19:53,2644852886.2400002,6.28,364570780,-1.78
