date_entree,sym,token,strat,50_x2_sl60,30_60_sl60,50_x2_sl30,moonbag,haut_max,bas_max,nouveau_sommet
2026-10-09 20:23,BUTTOCKS,FQ1GDTeEYYP4tfArJnfT8oibrTg3rYwMrWVhWy9mtpQ,C,-0.63,-0.63,-0.33,-0.63,-0.886,-0.886,False
2026-10-09 20:38,Catnip,6zGdZJ6FdQz9TjLTaFwRrEvLjtENQYYkY7AyFhd3pump,C,-0.63,-0.63,-0.33,-0.63,-0.607,-0.607,False
2026-10-09 20:38,SI,9GjKHHGPAPKdeKZBX38meaudbMg8UAE488gmNfWhpump,C,-0.63,-0.63,-0.33,-0.63,-0.669,-0.669,False
2026-10-09 20:23,emojibutt,9wcpJweVnKaGWhBd9xYT4ZXrjsyed53iipNiPQi6pump,C,-0.63,-0.18,-0.33,-0.63,0.323,-0.82,False
2026-10-09 20:53,qDog,3Whhj5zdUokyxeRXpVgFvzvGzJx3P4y4hew7ub614kWA,C,-0.63,-0.63,-0.33,-0.63,-0.863,-0.863,False
2026-10-09 20:53,CALLINU,8jaUMzKUPmFF644i49SXqpZkiwNq1xfTxAXQ4nEfpump,C,-0.63,-0.63,-0.33,-0.63,-0.832,-0.832,False
2026-10-09 20:38,SI,HWLqYsZx5cxdCgJNBUbt2Hm69tV5Sn4NckvSYNMMpump,C,-0.08,0.42,0.07,-0.19,0.925,-0.601,False
2026-10-09 20:38,SLOP,5vSgRoejdHrUmpeQLsuZjFY6ij2jp5UxbYGShdempump,C,-0.63,-0.63,-0.33,-0.63,0.029,-0.723,False
2026-10-09 20:53,INXANITY,FTuUhNA8yW7DSv3f5VxoKaQNFhzyHWWjp7g2fGdgpump,C,0.72,0.42,0.72,0.5002,1.254,-0.349,False
2026-10-09 21:08,SLOPTV,7g5N3dXRfUQmXm8ddhPnEwuGTtLWFcrAi6bt2cwT9M7T,C,-0.63,-0.63,-0.33,-0.63,-0.739,-0.739,False
2026-10-09 21:23,QF,EB83X1nRiba9Wyu249BckqcsR7h2RwgjL473txMcpump,C,-0.63,-0.63,-0.33,-0.63,-0.766,-0.766,False
2026-10-09 21:08,WKND,HNKhwEB6yHgWptDhQz4qwTUUqyfja33U2EosHEbWKnD,C,-0.63,-0.63,-0.33,-0.63,-0.277,-0.667,False
2026-10-09 21:23,washr,3xEKnuFN19jH9DpD8reQ6ZanSw9FCdoTA9qEmt7Xpump,C,-0.63,-0.63,-0.33,-0.63,-0.243,-0.642,False
2026-10-09 21:53,Pitch,ChMoRTGaFwAwvegmQGmPGRD4cEREGravahYyctg4pump,C,-0.63,-0.63,-0.33,-0.63,-0.88,-0.88,False
2026-10-09 20:38,SI,DV5GiUy7e7LT4UzRnbwyM3FQVzPuGzWVxYhxoEGFpump,C,-0.08,-0.18,0.07,-0.19,0.536,-0.633,False
2026-10-09 21:38,MARU,5iBXD3xQDgH6DnLaY9wC4dcXfWfrF6BpVdotFtKWpump,C,0.72,0.42,0.72,0.5869,1.572,0.084,False
2026-10-09 22:08,MOBILE,Atsw5hbH1XVRdvHcNviUn1arapuN7x37BqgYX2Qjpump,C,-0.63,-0.63,-0.33,-0.63,-0.628,-0.628,False
2026-10-09 21:38,FOMOBET,3Qg5MX1PyUUJfdKudbaMLVUhcFnRhkHBzUsiZAAypump,C,0.72,0.42,0.72,0.6824,2.753,0.163,False
2026-10-09 22:08,lolcat,DrbQW15RGMMLPxH7CsD5yUhALtqNduhE4m3eG9ntBPLB,C,0.72,0.42,0.72,0.6073,1.239,0.187,False
2026-10-09 22:23,AURA,HqkZ8MZFkH16JWKf9f4QosgiyWb8Y16342poJs4Xpump,C,-0.63,-0.63,-0.33,-0.63,-0.867,-0.867,False
2026-10-09 21:23,QUBIT,ERkmk5rs8KKD9u2fxoDZUmwwuVc7rT3sSeowGTrQuBit,C,-0.63,-0.63,-0.33,-0.63,-0.209,-0.624,False
2026-10-09 22:23,PETAH,ARsRXUGQoV8GJbhW4ipnEzz6ohKmhc55v5rQUfcipump,C,0.72,0.42,0.72,0.6229,1.193,0.008,False
2026-10-09 22:38,QAT,2apG4NaKcEAzAvhsEjx7X4xbvoB88RhaR1TkjAwLpump,C,-0.63,-0.63,-0.33,-0.63,-0.021,-0.639,False
2026-10-09 22:38,PQLN,3myTmnz8aNNuqebrrB5DSJrkYLPGfibGRwnH54Bv4hUC,C,-0.63,-0.63,-0.33,-0.63,0.167,-0.609,False
2026-10-09 23:08,BORED,HNfMqX9mz5ebdZFNUeYYaseqYUcdcL4TZK89aj7dpump,C,-0.63,-0.63,-0.33,-0.63,-0.768,-0.768,False
2026-10-09 22:08,Flaccid,9A7jLbXmKFy8z78YRfkgjyTKQVnnTqif2AttFa29pump,C,-0.63,-0.18,-0.33,-0.63,0.333,-0.721,False
2026-10-09 22:38,PSX,APWm2JK4f6MqjPrhsCoVWtiQzbj6Q9mpZDmmgzbPpump,C,-0.63,-0.63,-0.33,-0.63,0.199,-0.805,False
2026-10-09 23:08,ALL22,D96brLPj4GqjZfaqjBRXEVUWTCCpmzLu51asPC1dpump,C,-0.63,-0.63,-0.33,-0.63,-0.408,-0.681,False
2026-10-09 21:53,STABLE,6B3B4KmqjvaCTydj7ECxbp7xpjpcc7qRkXBZjtt8pump,C,-0.08,-0.18,0.07,-0.19,0.501,-0.608,False
2026-10-09 23:08,PROOF,8hbxJVhsDXsQwVm5u5UwvVseHZiUsQLwYqd6R2YTpump,C,0.72,0.42,0.72,1.6139,11.202,5.22,False
2026-10-10 00:23,CALLOUT,6Po4VVGA7Mtd3hifiDxLDckAnxRZQ9xvoX8dNraFpump,C,-0.63,-0.63,-0.33,-0.63,-0.916,-0.916,False
2026-10-10 00:08,Ads,GGauatXaF2mxwzqvJpcZ8ep2mCnNyZjUywiWDktZpump,C,-0.63,-0.63,-0.33,-0.63,-0.269,-0.84,False
2026-10-10 00:23,CALLINU,85gKVAL1xtSM4sTVcA74mXkCq4LfhAdT2gzoGwY1vqxJ,C,-0.63,-0.63,-0.33,-0.63,-0.12,-0.654,False
2026-10-10 00:38,qpcsbdef,BmF6dwpuuA67FXBDxZpsf2xP6hk39QLsoPbH4juQpump,C,-0.63,-0.63,-0.33,-0.63,-0.616,-0.616,False
2026-10-09 22:08,API,apiANKWvjcSFhavFEXvuE5wX8n312sVFtRpLQpX1api,C,0.72,0.42,0.72,0.6005,1.107,-0.205,False
2026-10-10 00:08,QCOIN,7SsZWPvLHpMizSGD8RByEbjUA8VatHWAts4UpjB4pump,G,-0.63,-0.63,-0.33,-0.63,-0.277,-0.99,False
2026-10-10 01:38,CLYDE,A1NxFnQAiSnHAQNh4Gt5BgMYb5SBRrW9F9MFiN7Lpump,C,-0.63,-0.63,-0.33,-0.63,-0.54,-0.757,False
2026-10-10 00:53,Mouse,hy55PGKUaaWbt6AQS3mWUCrGLbBuL5dhder15Hbpump,C,-0.63,-0.63,-0.33,-0.63,-0.15,-0.624,False
2026-10-10 01:23,AI-01,G8Bft94kKPb8gJnjy7QeLLyy6k2GzgNbWnWiNQ4cpump,C,0.72,0.42,0.72,1.0173,7.857,0.996,False
2026-10-09 21:08,tidecoin,FP3teuUvGShWqeCpTRGK64dM4dSq8Vc7RbdEouVUpump,C,-0.08,0.42,0.07,-0.19,0.603,-0.67,False
2026-10-10 01:08,SIB,3HKKrXhDvGFWPdkALw3KofESZexsEx9opGtq37n9pump,C,0.72,0.42,0.72,0.7133,3.42,0.338,False
2026-10-10 01:38,JUANITO,2p69EhwN9g8tQ9hbWfnCdzm2eNMpiagAFCywhc4jpump,C,-0.63,-0.63,-0.33,-0.63,0.208,-0.628,False
2026-10-10 02:08,Tommie,GdshWev4djtcvzV1HirA5SQL3ThvzPBYmFgSeg45pump,C,-0.63,-0.63,-0.33,-0.63,-0.262,-0.846,False
2026-10-10 03:08,CALLERS,8d22ZEKCxiw8WfSPvQ6MNr62bzWH2vbTyd1RaDP3pump,C,-0.63,-0.63,-0.33,-0.63,-0.884,-0.884,False
2026-10-10 01:08,SIB,489jhyzn5SejxSFGungp3dmLntfUDCdvLKnxyzNDpump,C,0.72,0.42,-0.33,0.9603,5.466,-0.449,False
2026-10-10 03:23,Catbal,DT9Wm69Y26AcBvgHPBtKDuDTjRNdut8KVeq4LEYupump,C,-0.63,-0.63,-0.33,-0.63,-0.519,-0.72,False
